<?xml version="1.0" encoding="utf-8" ?> 
<control xmlns:def="Definition" xmlns="http://schemas.sitecore.net/Visual-Studio-Intellisense">
  <Publish>
    <style>
        .publish-wizard-tooltip {
            position: relative;
            display: inline-block;
            margin-left: 5px;
        }

        .publish-wizard-tooltip .publish-wizard-tooltiptext {
            visibility: hidden;
            width: 250px;
            background-color: #555;
            color: #fff;
            border-radius: 6px;
            padding: 5px 5px;
            position: absolute;
            z-index: 1;
            bottom: 125%;
            left: 50%;
            margin-left: -130px;
            opacity: 0;
            transition: opacity 1s;
            text-align:left;
        }

        .publish-wizard-tooltip .publish-wizard-tooltiptext::after {
            content: "";
            position: absolute;
            top: 100%;
            left: 50%;
            margin-left: -5px;
            border-width: 5px;
            border-style: solid;
            border-color: #555 transparent transparent transparent;
        }

        .publish-wizard-tooltip:hover .publish-wizard-tooltiptext {
            visibility: visible;
            opacity: 1;
        }
    </style>
    <WizardForm CodeBeside="Sitecore.ExperienceEdge.Connector.Client.Application.Dialogs.EdgePublishForm,Sitecore.ExperienceEdge.Connector.Client">
      <Script Src="/sitecore/shell/Controls/Lib/jQuery/jQuery.noconflict.js"></Script>
      <Script Src="/sitecore/shell/Applications/Dialogs/Publish/Publish.js"></Script>
      
      <WizardFormPage ID="Settings" Header='${string.IsNullOrEmpty(WebUtil.GetQueryString("id")) ? Texts.PublishSite : Texts.PublishItem }'
                      Text='${string.IsNullOrEmpty(WebUtil.GetQueryString("id")) ? Texts.SelectTheRelevantPublishingSettingsForYourWebsite : Texts.SelectTheRelevantPublishingSettingsForTheItem }'>
        <WizardFormPadding>
          <Scrollbox ID="SettingsPane" Border="none" Background="transparent">
            <Groupbox ID="PublishingPanel" Header="Publishing" Margin="0px 0px 16px 0px">
                <Border ID="IncrementalPublishPane">
                  <Radiobutton ID="IncrementalPublish" Name="PublishMode" Header="Incremental publish - publish only changed items." Value="IncrementalPublish"/><br/>
                </Border>
                <Border ID="SmartPublishPane">
                  <Radiobutton ID="SmartPublish" Name="PublishMode" Header="Smart publish - publish differences between source and target database." Value="SmartPublish" Checked="true"/><br/>
                </Border>
                <Border ID="RepublishPane">
                  <Radiobutton ID="Republish" Name="PublishMode" Header="Republish - publish everything." Value="Republish"/>
                </Border>
                <Border ID="PublishChildrenPane">
                  <br /><Checkbox ID="PublishChildren" Header="Publish subitems"/>
                  <br />
                  <Checkbox ID="PublishRelatedItems" Header="Publish related items"/>
                  <div class="publish-wizard-tooltip">
                      <ThemedImage Src="office/16x16/information.png" Align="Center" />
                      <Literal class="publish-wizard-tooltiptext" Text='${Translate.Text(Sitecore.Texts.PublishesAllReferencesToTheItemThisMayIncreaseTheTimeItTakesToPublish)}' />
                  </div>
                </Border>
            </Groupbox>

            <Groupbox ID="LanguagesPanel" Header="Publishing language" Margin="0px 0px 16px 0px">
                <Checkbox ID="SelectAllLanguages" Header="Select all" />
              <Border ID="Languages" />
            </Groupbox>

            <Groupbox ID="PublishingTargetsPanel" Header="Publishing targets">
              <Border ID="PublishingTargets"/>
            </Groupbox>
          </Scrollbox>
          <Border ID="NoPublishingTarget" class="scMessageBar scWarning" def:content="Notifications" Visible="false">
            <Border class="scMessageBarIcon" />
            <div class="scMessageBarTextContainer">
              <Literal class="scMessageBarText" Text="You cannot publish as no publishing targets are defined in this database." />
            </div>
          </Border>
        </WizardFormPadding>
      </WizardFormPage>

      <WizardFormProgressPage ID="Publishing" Header='${string.IsNullOrEmpty(WebUtil.GetQueryString("id")) ? Texts.PublishSite : Texts.PublishItem }'
                              Text='${string.IsNullOrEmpty(WebUtil.GetQueryString("id")) ? Texts.PleaseWaitWhileTheWebsiteIsBeingPublished : Texts.PleaseWaitWhileTheItemIsBeingPublished }'
                              ActionText="Publishing...">
          <Border ID="PublishingTarget">
            &#160;
          </Border>
      </WizardFormProgressPage>

      <WizardFormPage ID="Retry" Header='${string.IsNullOrEmpty(WebUtil.GetQueryString("id")) ? Texts.PublishSite : Texts.PublishItem }'
                      Text="An error occurred while publishing.">
        <WizardFormPadding>
          <Memo ID="ErrorText" ReadOnly="true" Width="100%" Height="100%"/>
        </WizardFormPadding>
      </WizardFormPage>

      <WizardFormPage ID="LastPage" Header='${string.IsNullOrEmpty(WebUtil.GetQueryString("id")) ? Texts.PublishSite : Texts.PublishItem }'>
        <WizardFormPadding>

          <div class="scStretch scFlexColumnContainerWithoutFlexie">
          <Literal class="sc-text-largevalue" Text='${string.IsNullOrEmpty(WebUtil.GetQueryString("id")) ? Texts.TheWebsiteHasBeenPublished : Texts.TheItemHasBeenPublished }'/>
            <Literal class="scFieldLabel" ID="Status"/>
            <Literal class="scFieldLabel" Text="Result:"/>
            <div class="scFlexContentWithoutFlexie scWizardLastPageResultText">
            <div class="scStretchAbsolute">
              <Memo ID="ResultText" class="scStretch" ReadOnly="true" Visible="true"/>
            </div>
          </div>
        </div>
        </WizardFormPadding>
      </WizardFormPage>

    </WizardForm>
  </Publish>
</control>
